<annotation>
	<folder></folder>
	<filename>IMG_20200229_164823_jpg.rf.5a21d41cb66cb682ec354116d224897c.jpg</filename>
	<path>IMG_20200229_164823_jpg.rf.5a21d41cb66cb682ec354116d224897c.jpg</path>
	<source>
		<database>roboflow.com</database>
	</source>
	<size>
		<width>640</width>
		<height>640</height>
		<depth>3</depth>
	</size>
	<segmented>0</segmented>
	<object>
		<name>fruits</name>
		<pose>Unspecified</pose>
		<truncated>0</truncated>
		<difficult>0</difficult>
		<occluded>0</occluded>
		<bndbox>
			<xmin>144</xmin>
			<xmax>522</xmax>
			<ymin>93</ymin>
			<ymax>575</ymax>
		</bndbox>
	</object>
</annotation>
