<annotation>
	<folder></folder>
	<filename>IMG_20200229_164958_jpg.rf.5ca24d5f53cfda1a56939d1146be933a.jpg</filename>
	<path>IMG_20200229_164958_jpg.rf.5ca24d5f53cfda1a56939d1146be933a.jpg</path>
	<source>
		<database>roboflow.com</database>
	</source>
	<size>
		<width>640</width>
		<height>640</height>
		<depth>3</depth>
	</size>
	<segmented>0</segmented>
	<object>
		<name>fruits</name>
		<pose>Unspecified</pose>
		<truncated>0</truncated>
		<difficult>0</difficult>
		<occluded>0</occluded>
		<bndbox>
			<xmin>9</xmin>
			<xmax>546</xmax>
			<ymin>82</ymin>
			<ymax>552</ymax>
		</bndbox>
	</object>
</annotation>
