<annotation>
	<folder></folder>
	<filename>IMG_20200229_165219_jpg.rf.5050414a08e769aded349d5554ffb781.jpg</filename>
	<path>IMG_20200229_165219_jpg.rf.5050414a08e769aded349d5554ffb781.jpg</path>
	<source>
		<database>roboflow.com</database>
	</source>
	<size>
		<width>640</width>
		<height>640</height>
		<depth>3</depth>
	</size>
	<segmented>0</segmented>
	<object>
		<name>fruits</name>
		<pose>Unspecified</pose>
		<truncated>0</truncated>
		<difficult>0</difficult>
		<occluded>0</occluded>
		<bndbox>
			<xmin>126</xmin>
			<xmax>588</xmax>
			<ymin>60</ymin>
			<ymax>615</ymax>
		</bndbox>
	</object>
</annotation>
