<annotation>
	<folder></folder>
	<filename>IMG_20200229_165046_jpg.rf.61fcd965ee8b845386f4f001e65be6d9.jpg</filename>
	<path>IMG_20200229_165046_jpg.rf.61fcd965ee8b845386f4f001e65be6d9.jpg</path>
	<source>
		<database>roboflow.com</database>
	</source>
	<size>
		<width>640</width>
		<height>640</height>
		<depth>3</depth>
	</size>
	<segmented>0</segmented>
	<object>
		<name>fruits</name>
		<pose>Unspecified</pose>
		<truncated>0</truncated>
		<difficult>0</difficult>
		<occluded>0</occluded>
		<bndbox>
			<xmin>128</xmin>
			<xmax>575</xmax>
			<ymin>85</ymin>
			<ymax>620</ymax>
		</bndbox>
	</object>
</annotation>
