<annotation>
	<folder></folder>
	<filename>IMG_20200229_165132_jpg.rf.b67ffb31ecc465ae51ee856d640b4f98.jpg</filename>
	<path>IMG_20200229_165132_jpg.rf.b67ffb31ecc465ae51ee856d640b4f98.jpg</path>
	<source>
		<database>roboflow.com</database>
	</source>
	<size>
		<width>640</width>
		<height>640</height>
		<depth>3</depth>
	</size>
	<segmented>0</segmented>
	<object>
		<name>fruits</name>
		<pose>Unspecified</pose>
		<truncated>0</truncated>
		<difficult>0</difficult>
		<occluded>0</occluded>
		<bndbox>
			<xmin>116</xmin>
			<xmax>547</xmax>
			<ymin>38</ymin>
			<ymax>618</ymax>
		</bndbox>
	</object>
</annotation>
