<annotation>
	<folder></folder>
	<filename>IMG_20200229_164811_jpg.rf.65c2038153d15bb713c18df17a594667.jpg</filename>
	<path>IMG_20200229_164811_jpg.rf.65c2038153d15bb713c18df17a594667.jpg</path>
	<source>
		<database>roboflow.com</database>
	</source>
	<size>
		<width>640</width>
		<height>640</height>
		<depth>3</depth>
	</size>
	<segmented>0</segmented>
	<object>
		<name>fruits</name>
		<pose>Unspecified</pose>
		<truncated>0</truncated>
		<difficult>0</difficult>
		<occluded>0</occluded>
		<bndbox>
			<xmin>145</xmin>
			<xmax>550</xmax>
			<ymin>82</ymin>
			<ymax>625</ymax>
		</bndbox>
	</object>
</annotation>
