<annotation>
	<folder></folder>
	<filename>IMG_20200229_165232_jpg.rf.6798826ebc81b729705786faf316c13b.jpg</filename>
	<path>IMG_20200229_165232_jpg.rf.6798826ebc81b729705786faf316c13b.jpg</path>
	<source>
		<database>roboflow.com</database>
	</source>
	<size>
		<width>640</width>
		<height>640</height>
		<depth>3</depth>
	</size>
	<segmented>0</segmented>
	<object>
		<name>fruits</name>
		<pose>Unspecified</pose>
		<truncated>0</truncated>
		<difficult>0</difficult>
		<occluded>0</occluded>
		<bndbox>
			<xmin>51</xmin>
			<xmax>536</xmax>
			<ymin>36</ymin>
			<ymax>620</ymax>
		</bndbox>
	</object>
</annotation>
