<annotation>
	<folder></folder>
	<filename>IMG_20200229_165008_jpg.rf.184e5b10721c502bec69612dcea5969a.jpg</filename>
	<path>IMG_20200229_165008_jpg.rf.184e5b10721c502bec69612dcea5969a.jpg</path>
	<source>
		<database>roboflow.com</database>
	</source>
	<size>
		<width>640</width>
		<height>640</height>
		<depth>3</depth>
	</size>
	<segmented>0</segmented>
	<object>
		<name>fruits</name>
		<pose>Unspecified</pose>
		<truncated>0</truncated>
		<difficult>0</difficult>
		<occluded>0</occluded>
		<bndbox>
			<xmin>47</xmin>
			<xmax>516</xmax>
			<ymin>193</ymin>
			<ymax>620</ymax>
		</bndbox>
	</object>
</annotation>
