<annotation>
	<folder></folder>
	<filename>IMG_20200229_165152_jpg.rf.da9fe0c8fa0fca54261e5bc62953cf0c.jpg</filename>
	<path>IMG_20200229_165152_jpg.rf.da9fe0c8fa0fca54261e5bc62953cf0c.jpg</path>
	<source>
		<database>roboflow.com</database>
	</source>
	<size>
		<width>640</width>
		<height>640</height>
		<depth>3</depth>
	</size>
	<segmented>0</segmented>
	<object>
		<name>fruits</name>
		<pose>Unspecified</pose>
		<truncated>0</truncated>
		<difficult>0</difficult>
		<occluded>0</occluded>
		<bndbox>
			<xmin>112</xmin>
			<xmax>545</xmax>
			<ymin>45</ymin>
			<ymax>608</ymax>
		</bndbox>
	</object>
</annotation>
