<annotation>
	<folder></folder>
	<filename>IMG_20200229_165236_jpg.rf.b79a5b9b37323fc83aabfbfed644aec1.jpg</filename>
	<path>IMG_20200229_165236_jpg.rf.b79a5b9b37323fc83aabfbfed644aec1.jpg</path>
	<source>
		<database>roboflow.com</database>
	</source>
	<size>
		<width>640</width>
		<height>640</height>
		<depth>3</depth>
	</size>
	<segmented>0</segmented>
	<object>
		<name>fruits</name>
		<pose>Unspecified</pose>
		<truncated>0</truncated>
		<difficult>0</difficult>
		<occluded>0</occluded>
		<bndbox>
			<xmin>94</xmin>
			<xmax>541</xmax>
			<ymin>22</ymin>
			<ymax>602</ymax>
		</bndbox>
	</object>
</annotation>
