<annotation>
	<folder></folder>
	<filename>IMG_20200229_164947_jpg.rf.ebee229164028c382416777accc547bd.jpg</filename>
	<path>IMG_20200229_164947_jpg.rf.ebee229164028c382416777accc547bd.jpg</path>
	<source>
		<database>roboflow.com</database>
	</source>
	<size>
		<width>640</width>
		<height>640</height>
		<depth>3</depth>
	</size>
	<segmented>0</segmented>
	<object>
		<name>fruits</name>
		<pose>Unspecified</pose>
		<truncated>0</truncated>
		<difficult>0</difficult>
		<occluded>0</occluded>
		<bndbox>
			<xmin>2</xmin>
			<xmax>641</xmax>
			<ymin>186</ymin>
			<ymax>525</ymax>
		</bndbox>
	</object>
</annotation>
