<annotation>
	<folder></folder>
	<filename>IMG_20200229_165147_jpg.rf.7cb9acb3ad4fa65b0fa8ca340c0214dc.jpg</filename>
	<path>IMG_20200229_165147_jpg.rf.7cb9acb3ad4fa65b0fa8ca340c0214dc.jpg</path>
	<source>
		<database>roboflow.com</database>
	</source>
	<size>
		<width>640</width>
		<height>640</height>
		<depth>3</depth>
	</size>
	<segmented>0</segmented>
	<object>
		<name>fruits</name>
		<pose>Unspecified</pose>
		<truncated>0</truncated>
		<difficult>0</difficult>
		<occluded>0</occluded>
		<bndbox>
			<xmin>149</xmin>
			<xmax>577</xmax>
			<ymin>32</ymin>
			<ymax>572</ymax>
		</bndbox>
	</object>
</annotation>
