<annotation>
	<folder></folder>
	<filename>IMG_20200229_165157_jpg.rf.4fd0f791ecfb205be04f871296cb85b0.jpg</filename>
	<path>IMG_20200229_165157_jpg.rf.4fd0f791ecfb205be04f871296cb85b0.jpg</path>
	<source>
		<database>roboflow.com</database>
	</source>
	<size>
		<width>640</width>
		<height>640</height>
		<depth>3</depth>
	</size>
	<segmented>0</segmented>
	<object>
		<name>fruits</name>
		<pose>Unspecified</pose>
		<truncated>0</truncated>
		<difficult>0</difficult>
		<occluded>0</occluded>
		<bndbox>
			<xmin>150</xmin>
			<xmax>537</xmax>
			<ymin>56</ymin>
			<ymax>599</ymax>
		</bndbox>
	</object>
</annotation>
