<annotation>
	<folder></folder>
	<filename>IMG_20200229_165220_jpg.rf.b713379df03359d274a744627005706e.jpg</filename>
	<path>IMG_20200229_165220_jpg.rf.b713379df03359d274a744627005706e.jpg</path>
	<source>
		<database>roboflow.com</database>
	</source>
	<size>
		<width>640</width>
		<height>640</height>
		<depth>3</depth>
	</size>
	<segmented>0</segmented>
	<object>
		<name>fruits</name>
		<pose>Unspecified</pose>
		<truncated>0</truncated>
		<difficult>0</difficult>
		<occluded>0</occluded>
		<bndbox>
			<xmin>53</xmin>
			<xmax>492</xmax>
			<ymin>77</ymin>
			<ymax>609</ymax>
		</bndbox>
	</object>
</annotation>
