<annotation>
	<folder></folder>
	<filename>IMG_20200229_164760_jpg.rf.6426f478bdc40ebbd90823399fe0c368.jpg</filename>
	<path>IMG_20200229_164760_jpg.rf.6426f478bdc40ebbd90823399fe0c368.jpg</path>
	<source>
		<database>roboflow.com</database>
	</source>
	<size>
		<width>640</width>
		<height>640</height>
		<depth>3</depth>
	</size>
	<segmented>0</segmented>
	<object>
		<name>fruits</name>
		<pose>Unspecified</pose>
		<truncated>0</truncated>
		<difficult>0</difficult>
		<occluded>0</occluded>
		<bndbox>
			<xmin>78</xmin>
			<xmax>487</xmax>
			<ymin>78</ymin>
			<ymax>595</ymax>
		</bndbox>
	</object>
</annotation>
