<annotation>
	<folder></folder>
	<filename>IMG_20200229_164919_jpg.rf.1b0a4d1f59a24e34f52a1af60531d319.jpg</filename>
	<path>IMG_20200229_164919_jpg.rf.1b0a4d1f59a24e34f52a1af60531d319.jpg</path>
	<source>
		<database>roboflow.com</database>
	</source>
	<size>
		<width>640</width>
		<height>640</height>
		<depth>3</depth>
	</size>
	<segmented>0</segmented>
	<object>
		<name>fruits</name>
		<pose>Unspecified</pose>
		<truncated>0</truncated>
		<difficult>0</difficult>
		<occluded>0</occluded>
		<bndbox>
			<xmin>132</xmin>
			<xmax>520</xmax>
			<ymin>87</ymin>
			<ymax>603</ymax>
		</bndbox>
	</object>
</annotation>
