<annotation>
	<folder></folder>
	<filename>IMG_20200229_165126_jpg.rf.f16ed0738cbe16a51f02e4f73adaabd3.jpg</filename>
	<path>IMG_20200229_165126_jpg.rf.f16ed0738cbe16a51f02e4f73adaabd3.jpg</path>
	<source>
		<database>roboflow.com</database>
	</source>
	<size>
		<width>640</width>
		<height>640</height>
		<depth>3</depth>
	</size>
	<segmented>0</segmented>
	<object>
		<name>fruits</name>
		<pose>Unspecified</pose>
		<truncated>0</truncated>
		<difficult>0</difficult>
		<occluded>0</occluded>
		<bndbox>
			<xmin>149</xmin>
			<xmax>522</xmax>
			<ymin>71</ymin>
			<ymax>575</ymax>
		</bndbox>
	</object>
</annotation>
