<annotation>
	<folder></folder>
	<filename>IMG_20200229_165202_jpg.rf.9cc9470a39cef9b19945c9a65b0ee8cc.jpg</filename>
	<path>IMG_20200229_165202_jpg.rf.9cc9470a39cef9b19945c9a65b0ee8cc.jpg</path>
	<source>
		<database>roboflow.com</database>
	</source>
	<size>
		<width>640</width>
		<height>640</height>
		<depth>3</depth>
	</size>
	<segmented>0</segmented>
	<object>
		<name>fruits</name>
		<pose>Unspecified</pose>
		<truncated>0</truncated>
		<difficult>0</difficult>
		<occluded>0</occluded>
		<bndbox>
			<xmin>119</xmin>
			<xmax>559</xmax>
			<ymin>58</ymin>
			<ymax>594</ymax>
		</bndbox>
	</object>
</annotation>
