<annotation>
	<folder></folder>
	<filename>IMG_20200229_165033_jpg.rf.8faf8a93c4e83ab50550a236b0957139.jpg</filename>
	<path>IMG_20200229_165033_jpg.rf.8faf8a93c4e83ab50550a236b0957139.jpg</path>
	<source>
		<database>roboflow.com</database>
	</source>
	<size>
		<width>640</width>
		<height>640</height>
		<depth>3</depth>
	</size>
	<segmented>0</segmented>
	<object>
		<name>fruits</name>
		<pose>Unspecified</pose>
		<truncated>0</truncated>
		<difficult>0</difficult>
		<occluded>0</occluded>
		<bndbox>
			<xmin>53</xmin>
			<xmax>628</xmax>
			<ymin>176</ymin>
			<ymax>610</ymax>
		</bndbox>
	</object>
</annotation>
