<annotation>
	<folder></folder>
	<filename>IMG_20200229_165112_jpg.rf.6dba511b14e5e6fc0ce13c5e9e08b98a.jpg</filename>
	<path>IMG_20200229_165112_jpg.rf.6dba511b14e5e6fc0ce13c5e9e08b98a.jpg</path>
	<source>
		<database>roboflow.com</database>
	</source>
	<size>
		<width>640</width>
		<height>640</height>
		<depth>3</depth>
	</size>
	<segmented>0</segmented>
	<object>
		<name>fruits</name>
		<pose>Unspecified</pose>
		<truncated>0</truncated>
		<difficult>0</difficult>
		<occluded>0</occluded>
		<bndbox>
			<xmin>169</xmin>
			<xmax>513</xmax>
			<ymin>71</ymin>
			<ymax>522</ymax>
		</bndbox>
	</object>
</annotation>
