<annotation>
	<folder></folder>
	<filename>IMG_20200229_165223_jpg.rf.51f41e4948ea2de31379f741201779d2.jpg</filename>
	<path>IMG_20200229_165223_jpg.rf.51f41e4948ea2de31379f741201779d2.jpg</path>
	<source>
		<database>roboflow.com</database>
	</source>
	<size>
		<width>640</width>
		<height>640</height>
		<depth>3</depth>
	</size>
	<segmented>0</segmented>
	<object>
		<name>fruits</name>
		<pose>Unspecified</pose>
		<truncated>0</truncated>
		<difficult>0</difficult>
		<occluded>0</occluded>
		<bndbox>
			<xmin>153</xmin>
			<xmax>537</xmax>
			<ymin>54</ymin>
			<ymax>635</ymax>
		</bndbox>
	</object>
</annotation>
