<annotation>
	<folder></folder>
	<filename>IMG_20200229_164957_jpg.rf.e783d33bb3e637b543f9329666fee362.jpg</filename>
	<path>IMG_20200229_164957_jpg.rf.e783d33bb3e637b543f9329666fee362.jpg</path>
	<source>
		<database>roboflow.com</database>
	</source>
	<size>
		<width>640</width>
		<height>640</height>
		<depth>3</depth>
	</size>
	<segmented>0</segmented>
	<object>
		<name>fruits</name>
		<pose>Unspecified</pose>
		<truncated>0</truncated>
		<difficult>0</difficult>
		<occluded>0</occluded>
		<bndbox>
			<xmin>90</xmin>
			<xmax>625</xmax>
			<ymin>85</ymin>
			<ymax>553</ymax>
		</bndbox>
	</object>
</annotation>
