<annotation>
	<folder></folder>
	<filename>IMG_20200229_165020_jpg.rf.1c82f32d1ab9ca679782d98582571d37.jpg</filename>
	<path>IMG_20200229_165020_jpg.rf.1c82f32d1ab9ca679782d98582571d37.jpg</path>
	<source>
		<database>roboflow.com</database>
	</source>
	<size>
		<width>640</width>
		<height>640</height>
		<depth>3</depth>
	</size>
	<segmented>0</segmented>
	<object>
		<name>fruits</name>
		<pose>Unspecified</pose>
		<truncated>0</truncated>
		<difficult>0</difficult>
		<occluded>0</occluded>
		<bndbox>
			<xmin>24</xmin>
			<xmax>604</xmax>
			<ymin>178</ymin>
			<ymax>585</ymax>
		</bndbox>
	</object>
</annotation>
