<annotation>
	<folder></folder>
	<filename>IMG_20200229_164804_jpg.rf.39c102fbc79f5daedd76bc41991218d7.jpg</filename>
	<path>IMG_20200229_164804_jpg.rf.39c102fbc79f5daedd76bc41991218d7.jpg</path>
	<source>
		<database>roboflow.com</database>
	</source>
	<size>
		<width>640</width>
		<height>640</height>
		<depth>3</depth>
	</size>
	<segmented>0</segmented>
	<object>
		<name>fruits</name>
		<pose>Unspecified</pose>
		<truncated>0</truncated>
		<difficult>0</difficult>
		<occluded>0</occluded>
		<bndbox>
			<xmin>140</xmin>
			<xmax>549</xmax>
			<ymin>83</ymin>
			<ymax>613</ymax>
		</bndbox>
	</object>
</annotation>
