<annotation>
	<folder></folder>
	<filename>IMG_20200229_165021_jpg.rf.86bf8629ddb347e7b6b214502ea19fa6.jpg</filename>
	<path>IMG_20200229_165021_jpg.rf.86bf8629ddb347e7b6b214502ea19fa6.jpg</path>
	<source>
		<database>roboflow.com</database>
	</source>
	<size>
		<width>640</width>
		<height>640</height>
		<depth>3</depth>
	</size>
	<segmented>0</segmented>
	<object>
		<name>fruits</name>
		<pose>Unspecified</pose>
		<truncated>0</truncated>
		<difficult>0</difficult>
		<occluded>0</occluded>
		<bndbox>
			<xmin>54</xmin>
			<xmax>641</xmax>
			<ymin>180</ymin>
			<ymax>566</ymax>
		</bndbox>
	</object>
</annotation>
