<annotation>
	<folder></folder>
	<filename>IMG_20200229_164926jpg_jpg.rf.10e38ebba129cb1085fb4d2eb907fbd9.jpg</filename>
	<path>IMG_20200229_164926jpg_jpg.rf.10e38ebba129cb1085fb4d2eb907fbd9.jpg</path>
	<source>
		<database>roboflow.com</database>
	</source>
	<size>
		<width>640</width>
		<height>640</height>
		<depth>3</depth>
	</size>
	<segmented>0</segmented>
	<object>
		<name>fruits</name>
		<pose>Unspecified</pose>
		<truncated>0</truncated>
		<difficult>0</difficult>
		<occluded>0</occluded>
		<bndbox>
			<xmin>93</xmin>
			<xmax>500</xmax>
			<ymin>99</ymin>
			<ymax>607</ymax>
		</bndbox>
	</object>
</annotation>
