<annotation>
	<folder></folder>
	<filename>IMG_20200229_164759_jpg.rf.13a28419c60afe1fd25b790ff98fa1f7.jpg</filename>
	<path>IMG_20200229_164759_jpg.rf.13a28419c60afe1fd25b790ff98fa1f7.jpg</path>
	<source>
		<database>roboflow.com</database>
	</source>
	<size>
		<width>640</width>
		<height>640</height>
		<depth>3</depth>
	</size>
	<segmented>0</segmented>
	<object>
		<name>fruits</name>
		<pose>Unspecified</pose>
		<truncated>0</truncated>
		<difficult>0</difficult>
		<occluded>0</occluded>
		<bndbox>
			<xmin>182</xmin>
			<xmax>557</xmax>
			<ymin>65</ymin>
			<ymax>589</ymax>
		</bndbox>
	</object>
</annotation>
