<annotation>
	<folder></folder>
	<filename>IMG_20200229_165027_jpg.rf.2f34d619f0856d315e3502eb6ec8301b.jpg</filename>
	<path>IMG_20200229_165027_jpg.rf.2f34d619f0856d315e3502eb6ec8301b.jpg</path>
	<source>
		<database>roboflow.com</database>
	</source>
	<size>
		<width>640</width>
		<height>640</height>
		<depth>3</depth>
	</size>
	<segmented>0</segmented>
	<object>
		<name>fruits</name>
		<pose>Unspecified</pose>
		<truncated>0</truncated>
		<difficult>0</difficult>
		<occluded>0</occluded>
		<bndbox>
			<xmin>32</xmin>
			<xmax>493</xmax>
			<ymin>82</ymin>
			<ymax>641</ymax>
		</bndbox>
	</object>
</annotation>
