<annotation>
	<folder></folder>
	<filename>IMG_20200229_165001_jpg.rf.abe610244b3262892949a5531e45913a.jpg</filename>
	<path>IMG_20200229_165001_jpg.rf.abe610244b3262892949a5531e45913a.jpg</path>
	<source>
		<database>roboflow.com</database>
	</source>
	<size>
		<width>640</width>
		<height>640</height>
		<depth>3</depth>
	</size>
	<segmented>0</segmented>
	<object>
		<name>fruits</name>
		<pose>Unspecified</pose>
		<truncated>0</truncated>
		<difficult>0</difficult>
		<occluded>0</occluded>
		<bndbox>
			<xmin>81</xmin>
			<xmax>572</xmax>
			<ymin>193</ymin>
			<ymax>494</ymax>
		</bndbox>
	</object>
</annotation>
