<annotation>
	<folder></folder>
	<filename>IMG_20200229_165108_jpg.rf.4e6abc134003b0d540bef69a9187609b.jpg</filename>
	<path>IMG_20200229_165108_jpg.rf.4e6abc134003b0d540bef69a9187609b.jpg</path>
	<source>
		<database>roboflow.com</database>
	</source>
	<size>
		<width>640</width>
		<height>640</height>
		<depth>3</depth>
	</size>
	<segmented>0</segmented>
	<object>
		<name>fruits</name>
		<pose>Unspecified</pose>
		<truncated>0</truncated>
		<difficult>0</difficult>
		<occluded>0</occluded>
		<bndbox>
			<xmin>136</xmin>
			<xmax>581</xmax>
			<ymin>43</ymin>
			<ymax>567</ymax>
		</bndbox>
	</object>
</annotation>
