<annotation>
	<folder></folder>
	<filename>aiZwaWQ9QXBp6_jpg.rf.67d2e9231db28a0c1ed761ad940a384f.jpg</filename>
	<path>aiZwaWQ9QXBp6_jpg.rf.67d2e9231db28a0c1ed761ad940a384f.jpg</path>
	<source>
		<database>roboflow.ai</database>
	</source>
	<size>
		<width>640</width>
		<height>640</height>
		<depth>3</depth>
	</size>
	<segmented>0</segmented>
	<object>
		<name>Eggs</name>
		<pose>Unspecified</pose>
		<truncated>0</truncated>
		<difficult>0</difficult>
		<occluded>0</occluded>
		<bndbox>
			<xmin>289</xmin>
			<xmax>385</xmax>
			<ymin>353</ymin>
			<ymax>534</ymax>
		</bndbox>
	</object>
	<object>
		<name>Eggs</name>
		<pose>Unspecified</pose>
		<truncated>0</truncated>
		<difficult>0</difficult>
		<occluded>0</occluded>
		<bndbox>
			<xmin>502</xmin>
			<xmax>592</xmax>
			<ymin>120</ymin>
			<ymax>283</ymax>
		</bndbox>
	</object>
</annotation>
