<annotation>
	<folder></folder>
	<filename>NyZwaWQ9QXBp5_jpg.rf.c70113b4c619f6d4eaaba8f3bb8d1db5.jpg</filename>
	<path>NyZwaWQ9QXBp5_jpg.rf.c70113b4c619f6d4eaaba8f3bb8d1db5.jpg</path>
	<source>
		<database>roboflow.ai</database>
	</source>
	<size>
		<width>640</width>
		<height>640</height>
		<depth>3</depth>
	</size>
	<segmented>0</segmented>
	<object>
		<name>Eggs</name>
		<pose>Unspecified</pose>
		<truncated>0</truncated>
		<difficult>0</difficult>
		<occluded>0</occluded>
		<bndbox>
			<xmin>7</xmin>
			<xmax>125</xmax>
			<ymin>282</ymin>
			<ymax>431</ymax>
		</bndbox>
	</object>
	<object>
		<name>Eggs</name>
		<pose>Unspecified</pose>
		<truncated>0</truncated>
		<difficult>0</difficult>
		<occluded>0</occluded>
		<bndbox>
			<xmin>158</xmin>
			<xmax>241</xmax>
			<ymin>57</ymin>
			<ymax>172</ymax>
		</bndbox>
	</object>
	<object>
		<name>Eggs</name>
		<pose>Unspecified</pose>
		<truncated>0</truncated>
		<difficult>0</difficult>
		<occluded>0</occluded>
		<bndbox>
			<xmin>251</xmin>
			<xmax>335</xmax>
			<ymin>49</ymin>
			<ymax>174</ymax>
		</bndbox>
	</object>
	<object>
		<name>Eggs</name>
		<pose>Unspecified</pose>
		<truncated>0</truncated>
		<difficult>0</difficult>
		<occluded>0</occluded>
		<bndbox>
			<xmin>334</xmin>
			<xmax>424</xmax>
			<ymin>30</ymin>
			<ymax>149</ymax>
		</bndbox>
	</object>
	<object>
		<name>Eggs</name>
		<pose>Unspecified</pose>
		<truncated>0</truncated>
		<difficult>0</difficult>
		<occluded>0</occluded>
		<bndbox>
			<xmin>496</xmin>
			<xmax>590</xmax>
			<ymin>17</ymin>
			<ymax>129</ymax>
		</bndbox>
	</object>
</annotation>
