<annotation>
	<folder></folder>
	<filename>NyZwaWQ9QXBp6_jpg.rf.d33ab5670edc7ed6b42e2c350dc2f972.jpg</filename>
	<path>NyZwaWQ9QXBp6_jpg.rf.d33ab5670edc7ed6b42e2c350dc2f972.jpg</path>
	<source>
		<database>roboflow.ai</database>
	</source>
	<size>
		<width>640</width>
		<height>640</height>
		<depth>3</depth>
	</size>
	<segmented>0</segmented>
	<object>
		<name>Eggs</name>
		<pose>Unspecified</pose>
		<truncated>0</truncated>
		<difficult>0</difficult>
		<occluded>0</occluded>
		<bndbox>
			<xmin>133</xmin>
			<xmax>335</xmax>
			<ymin>170</ymin>
			<ymax>372</ymax>
		</bndbox>
	</object>
	<object>
		<name>Eggs</name>
		<pose>Unspecified</pose>
		<truncated>0</truncated>
		<difficult>0</difficult>
		<occluded>0</occluded>
		<bndbox>
			<xmin>177</xmin>
			<xmax>372</xmax>
			<ymin>342</ymin>
			<ymax>583</ymax>
		</bndbox>
	</object>
	<object>
		<name>Eggs</name>
		<pose>Unspecified</pose>
		<truncated>0</truncated>
		<difficult>0</difficult>
		<occluded>0</occluded>
		<bndbox>
			<xmin>329</xmin>
			<xmax>487</xmax>
			<ymin>164</ymin>
			<ymax>403</ymax>
		</bndbox>
	</object>
</annotation>
