<annotation>
	<folder></folder>
	<filename>OCZwaWQ9QXBp15_jpg.rf.c46d082ae69408172c00c6012d347f45.jpg</filename>
	<path>OCZwaWQ9QXBp15_jpg.rf.c46d082ae69408172c00c6012d347f45.jpg</path>
	<source>
		<database>roboflow.ai</database>
	</source>
	<size>
		<width>640</width>
		<height>640</height>
		<depth>3</depth>
	</size>
	<segmented>0</segmented>
	<object>
		<name>Eggs</name>
		<pose>Unspecified</pose>
		<truncated>0</truncated>
		<difficult>0</difficult>
		<occluded>0</occluded>
		<bndbox>
			<xmin>348</xmin>
			<xmax>594</xmax>
			<ymin>149</ymin>
			<ymax>585</ymax>
		</bndbox>
	</object>
</annotation>
