<annotation>
	<folder></folder>
	<filename>QSZwaWQ9QXBp3_jpg.rf.efe734018c8bef71fa54403527d19d13.jpg</filename>
	<path>QSZwaWQ9QXBp3_jpg.rf.efe734018c8bef71fa54403527d19d13.jpg</path>
	<source>
		<database>roboflow.ai</database>
	</source>
	<size>
		<width>640</width>
		<height>640</height>
		<depth>3</depth>
	</size>
	<segmented>0</segmented>
	<object>
		<name>Eggs</name>
		<pose>Unspecified</pose>
		<truncated>0</truncated>
		<difficult>0</difficult>
		<occluded>0</occluded>
		<bndbox>
			<xmin>291</xmin>
			<xmax>507</xmax>
			<ymin>187</ymin>
			<ymax>421</ymax>
		</bndbox>
	</object>
	<object>
		<name>Eggs</name>
		<pose>Unspecified</pose>
		<truncated>0</truncated>
		<difficult>0</difficult>
		<occluded>0</occluded>
		<bndbox>
			<xmin>129</xmin>
			<xmax>307</xmax>
			<ymin>237</ymin>
			<ymax>494</ymax>
		</bndbox>
	</object>
	<object>
		<name>Eggs</name>
		<pose>Unspecified</pose>
		<truncated>0</truncated>
		<difficult>0</difficult>
		<occluded>0</occluded>
		<bndbox>
			<xmin>204</xmin>
			<xmax>430</xmax>
			<ymin>523</ymin>
			<ymax>641</ymax>
		</bndbox>
	</object>
	<object>
		<name>Eggs</name>
		<pose>Unspecified</pose>
		<truncated>0</truncated>
		<difficult>0</difficult>
		<occluded>0</occluded>
		<bndbox>
			<xmin>157</xmin>
			<xmax>350</xmax>
			<ymin>6</ymin>
			<ymax>211</ymax>
		</bndbox>
	</object>
</annotation>
