<annotation>
	<folder></folder>
	<filename>QXBp21_jpg.rf.0b10d2c5e1531004b00135ca3ddd0191.jpg</filename>
	<path>QXBp21_jpg.rf.0b10d2c5e1531004b00135ca3ddd0191.jpg</path>
	<source>
		<database>roboflow.ai</database>
	</source>
	<size>
		<width>640</width>
		<height>640</height>
		<depth>3</depth>
	</size>
	<segmented>0</segmented>
	<object>
		<name>Eggs</name>
		<pose>Unspecified</pose>
		<truncated>0</truncated>
		<difficult>0</difficult>
		<occluded>0</occluded>
		<bndbox>
			<xmin>223</xmin>
			<xmax>413</xmax>
			<ymin>230</ymin>
			<ymax>536</ymax>
		</bndbox>
	</object>
	<object>
		<name>Eggs</name>
		<pose>Unspecified</pose>
		<truncated>0</truncated>
		<difficult>0</difficult>
		<occluded>0</occluded>
		<bndbox>
			<xmin>97</xmin>
			<xmax>283</xmax>
			<ymin>87</ymin>
			<ymax>369</ymax>
		</bndbox>
	</object>
</annotation>
