<annotation>
	<folder></folder>
	<filename>QXBp16_jpg.rf.b649f5707b3206c2a0b0f098c68cd264.jpg</filename>
	<path>QXBp16_jpg.rf.b649f5707b3206c2a0b0f098c68cd264.jpg</path>
	<source>
		<database>roboflow.ai</database>
	</source>
	<size>
		<width>640</width>
		<height>640</height>
		<depth>3</depth>
	</size>
	<segmented>0</segmented>
	<object>
		<name>Eggs</name>
		<pose>Unspecified</pose>
		<truncated>0</truncated>
		<difficult>0</difficult>
		<occluded>0</occluded>
		<bndbox>
			<xmin>181</xmin>
			<xmax>431</xmax>
			<ymin>305</ymin>
			<ymax>606</ymax>
		</bndbox>
	</object>
</annotation>
