<annotation>
	<folder></folder>
	<filename>QXBp13_jpg.rf.1c130eb5ebc82684d1486f5584338faf.jpg</filename>
	<path>QXBp13_jpg.rf.1c130eb5ebc82684d1486f5584338faf.jpg</path>
	<source>
		<database>roboflow.ai</database>
	</source>
	<size>
		<width>640</width>
		<height>640</height>
		<depth>3</depth>
	</size>
	<segmented>0</segmented>
	<object>
		<name>Eggs</name>
		<pose>Unspecified</pose>
		<truncated>0</truncated>
		<difficult>0</difficult>
		<occluded>0</occluded>
		<bndbox>
			<xmin>189</xmin>
			<xmax>337</xmax>
			<ymin>289</ymin>
			<ymax>373</ymax>
		</bndbox>
	</object>
	<object>
		<name>Eggs</name>
		<pose>Unspecified</pose>
		<truncated>0</truncated>
		<difficult>0</difficult>
		<occluded>0</occluded>
		<bndbox>
			<xmin>311</xmin>
			<xmax>469</xmax>
			<ymin>256</ymin>
			<ymax>334</ymax>
		</bndbox>
	</object>
	<object>
		<name>Eggs</name>
		<pose>Unspecified</pose>
		<truncated>0</truncated>
		<difficult>0</difficult>
		<occluded>0</occluded>
		<bndbox>
			<xmin>350</xmin>
			<xmax>494</xmax>
			<ymin>327</ymin>
			<ymax>410</ymax>
		</bndbox>
	</object>
	<object>
		<name>Eggs</name>
		<pose>Unspecified</pose>
		<truncated>0</truncated>
		<difficult>0</difficult>
		<occluded>0</occluded>
		<bndbox>
			<xmin>234</xmin>
			<xmax>386</xmax>
			<ymin>355</ymin>
			<ymax>451</ymax>
		</bndbox>
	</object>
</annotation>
