<annotation>
	<folder></folder>
	<filename>QXBp8_jpg.rf.981a56a540c5985f6094e53379972660.jpg</filename>
	<path>QXBp8_jpg.rf.981a56a540c5985f6094e53379972660.jpg</path>
	<source>
		<database>roboflow.ai</database>
	</source>
	<size>
		<width>640</width>
		<height>640</height>
		<depth>3</depth>
	</size>
	<segmented>0</segmented>
	<object>
		<name>Eggs</name>
		<pose>Unspecified</pose>
		<truncated>0</truncated>
		<difficult>0</difficult>
		<occluded>0</occluded>
		<bndbox>
			<xmin>206</xmin>
			<xmax>429</xmax>
			<ymin>268</ymin>
			<ymax>566</ymax>
		</bndbox>
	</object>
	<object>
		<name>Eggs</name>
		<pose>Unspecified</pose>
		<truncated>0</truncated>
		<difficult>0</difficult>
		<occluded>0</occluded>
		<bndbox>
			<xmin>434</xmin>
			<xmax>632</xmax>
			<ymin>269</ymin>
			<ymax>576</ymax>
		</bndbox>
	</object>
	<object>
		<name>Eggs</name>
		<pose>Unspecified</pose>
		<truncated>0</truncated>
		<difficult>0</difficult>
		<occluded>0</occluded>
		<bndbox>
			<xmin>10</xmin>
			<xmax>194</xmax>
			<ymin>254</ymin>
			<ymax>578</ymax>
		</bndbox>
	</object>
</annotation>
