<annotation>
	<folder></folder>
	<filename>QXBp3_jpg.rf.ba1380c5a526f90d1653e26d250354b9.jpg</filename>
	<path>QXBp3_jpg.rf.ba1380c5a526f90d1653e26d250354b9.jpg</path>
	<source>
		<database>roboflow.ai</database>
	</source>
	<size>
		<width>640</width>
		<height>640</height>
		<depth>3</depth>
	</size>
	<segmented>0</segmented>
	<object>
		<name>Eggs</name>
		<pose>Unspecified</pose>
		<truncated>0</truncated>
		<difficult>0</difficult>
		<occluded>0</occluded>
		<bndbox>
			<xmin>113</xmin>
			<xmax>322</xmax>
			<ymin>313</ymin>
			<ymax>641</ymax>
		</bndbox>
	</object>
	<object>
		<name>Eggs</name>
		<pose>Unspecified</pose>
		<truncated>0</truncated>
		<difficult>0</difficult>
		<occluded>0</occluded>
		<bndbox>
			<xmin>330</xmin>
			<xmax>525</xmax>
			<ymin>320</ymin>
			<ymax>641</ymax>
		</bndbox>
	</object>
</annotation>
