<annotation>
	<folder></folder>
	<filename>WiZwaWQ9QXBp_jpg.rf.1fb0458e46445e6f7633626ac503b0bb.jpg</filename>
	<path>WiZwaWQ9QXBp_jpg.rf.1fb0458e46445e6f7633626ac503b0bb.jpg</path>
	<source>
		<database>roboflow.ai</database>
	</source>
	<size>
		<width>640</width>
		<height>640</height>
		<depth>3</depth>
	</size>
	<segmented>0</segmented>
	<object>
		<name>Eggs</name>
		<pose>Unspecified</pose>
		<truncated>0</truncated>
		<difficult>0</difficult>
		<occluded>0</occluded>
		<bndbox>
			<xmin>181</xmin>
			<xmax>475</xmax>
			<ymin>96</ymin>
			<ymax>455</ymax>
		</bndbox>
	</object>
</annotation>
