<annotation>
	<folder></folder>
	<filename>WSZwaWQ9QXBp_jpg.rf.e1117c4764db97f034e6f9d73bbb0bd1.jpg</filename>
	<path>WSZwaWQ9QXBp_jpg.rf.e1117c4764db97f034e6f9d73bbb0bd1.jpg</path>
	<source>
		<database>roboflow.ai</database>
	</source>
	<size>
		<width>640</width>
		<height>640</height>
		<depth>3</depth>
	</size>
	<segmented>0</segmented>
	<object>
		<name>Eggs</name>
		<pose>Unspecified</pose>
		<truncated>0</truncated>
		<difficult>0</difficult>
		<occluded>0</occluded>
		<bndbox>
			<xmin>184</xmin>
			<xmax>261</xmax>
			<ymin>358</ymin>
			<ymax>464</ymax>
		</bndbox>
	</object>
	<object>
		<name>Eggs</name>
		<pose>Unspecified</pose>
		<truncated>0</truncated>
		<difficult>0</difficult>
		<occluded>0</occluded>
		<bndbox>
			<xmin>264</xmin>
			<xmax>352</xmax>
			<ymin>355</ymin>
			<ymax>476</ymax>
		</bndbox>
	</object>
</annotation>
