<annotation>
	<folder></folder>
	<filename>YSZwaWQ9QXBp16_jpg.rf.18866d5ff0ac738b7faad1f1a232dbb5.jpg</filename>
	<path>YSZwaWQ9QXBp16_jpg.rf.18866d5ff0ac738b7faad1f1a232dbb5.jpg</path>
	<source>
		<database>roboflow.ai</database>
	</source>
	<size>
		<width>640</width>
		<height>640</height>
		<depth>3</depth>
	</size>
	<segmented>0</segmented>
	<object>
		<name>Eggs</name>
		<pose>Unspecified</pose>
		<truncated>0</truncated>
		<difficult>0</difficult>
		<occluded>0</occluded>
		<bndbox>
			<xmin>8</xmin>
			<xmax>304</xmax>
			<ymin>215</ymin>
			<ymax>429</ymax>
		</bndbox>
	</object>
	<object>
		<name>Eggs</name>
		<pose>Unspecified</pose>
		<truncated>0</truncated>
		<difficult>0</difficult>
		<occluded>0</occluded>
		<bndbox>
			<xmin>333</xmin>
			<xmax>636</xmax>
			<ymin>222</ymin>
			<ymax>426</ymax>
		</bndbox>
	</object>
	<object>
		<name>Eggs</name>
		<pose>Unspecified</pose>
		<truncated>0</truncated>
		<difficult>0</difficult>
		<occluded>0</occluded>
		<bndbox>
			<xmin>161</xmin>
			<xmax>400</xmax>
			<ymin>362</ymin>
			<ymax>624</ymax>
		</bndbox>
	</object>
	<object>
		<name>Eggs</name>
		<pose>Unspecified</pose>
		<truncated>0</truncated>
		<difficult>0</difficult>
		<occluded>0</occluded>
		<bndbox>
			<xmin>239</xmin>
			<xmax>445</xmax>
			<ymin>33</ymin>
			<ymax>306</ymax>
		</bndbox>
	</object>
</annotation>
