<annotation>
	<folder></folder>
	<filename>bCZwaWQ9QXBp_jpg.rf.bd868a6c2c08bb9f38dbba0347792dd6.jpg</filename>
	<path>bCZwaWQ9QXBp_jpg.rf.bd868a6c2c08bb9f38dbba0347792dd6.jpg</path>
	<source>
		<database>roboflow.ai</database>
	</source>
	<size>
		<width>640</width>
		<height>640</height>
		<depth>3</depth>
	</size>
	<segmented>0</segmented>
	<object>
		<name>Eggs</name>
		<pose>Unspecified</pose>
		<truncated>0</truncated>
		<difficult>0</difficult>
		<occluded>0</occluded>
		<bndbox>
			<xmin>90</xmin>
			<xmax>240</xmax>
			<ymin>251</ymin>
			<ymax>530</ymax>
		</bndbox>
	</object>
	<object>
		<name>Eggs</name>
		<pose>Unspecified</pose>
		<truncated>0</truncated>
		<difficult>0</difficult>
		<occluded>0</occluded>
		<bndbox>
			<xmin>319</xmin>
			<xmax>432</xmax>
			<ymin>173</ymin>
			<ymax>449</ymax>
		</bndbox>
	</object>
	<object>
		<name>Eggs</name>
		<pose>Unspecified</pose>
		<truncated>0</truncated>
		<difficult>0</difficult>
		<occluded>0</occluded>
		<bndbox>
			<xmin>182</xmin>
			<xmax>307</xmax>
			<ymin>113</ymin>
			<ymax>315</ymax>
		</bndbox>
	</object>
</annotation>
