<annotation>
	<folder></folder>
	<filename>ciZwaWQ9QXBp_jpg.rf.00c530e8aed7b34ece0b29e5a39a2e79.jpg</filename>
	<path>ciZwaWQ9QXBp_jpg.rf.00c530e8aed7b34ece0b29e5a39a2e79.jpg</path>
	<source>
		<database>roboflow.ai</database>
	</source>
	<size>
		<width>640</width>
		<height>640</height>
		<depth>3</depth>
	</size>
	<segmented>0</segmented>
	<object>
		<name>Eggs</name>
		<pose>Unspecified</pose>
		<truncated>0</truncated>
		<difficult>0</difficult>
		<occluded>0</occluded>
		<bndbox>
			<xmin>121</xmin>
			<xmax>479</xmax>
			<ymin>36</ymin>
			<ymax>302</ymax>
		</bndbox>
	</object>
	<object>
		<name>Eggs</name>
		<pose>Unspecified</pose>
		<truncated>0</truncated>
		<difficult>0</difficult>
		<occluded>0</occluded>
		<bndbox>
			<xmin>10</xmin>
			<xmax>343</xmax>
			<ymin>265</ymin>
			<ymax>582</ymax>
		</bndbox>
	</object>
	<object>
		<name>Eggs</name>
		<pose>Unspecified</pose>
		<truncated>0</truncated>
		<difficult>0</difficult>
		<occluded>0</occluded>
		<bndbox>
			<xmin>327</xmin>
			<xmax>625</xmax>
			<ymin>227</ymin>
			<ymax>540</ymax>
		</bndbox>
	</object>
</annotation>
