<annotation>
	<folder></folder>
	<filename>NyZwaWQ9QXBp10_jpg.rf.60509fced02c3abf1dd310696a0623c5.jpg</filename>
	<path>NyZwaWQ9QXBp10_jpg.rf.60509fced02c3abf1dd310696a0623c5.jpg</path>
	<source>
		<database>roboflow.ai</database>
	</source>
	<size>
		<width>640</width>
		<height>640</height>
		<depth>3</depth>
	</size>
	<segmented>0</segmented>
	<object>
		<name>Eggs</name>
		<pose>Unspecified</pose>
		<truncated>0</truncated>
		<difficult>0</difficult>
		<occluded>0</occluded>
		<bndbox>
			<xmin>56</xmin>
			<xmax>329</xmax>
			<ymin>113</ymin>
			<ymax>517</ymax>
		</bndbox>
	</object>
</annotation>
