<annotation>
	<folder></folder>
	<filename>NyZwaWQ9QXBp2_jpg.rf.bcd53a709872db5e0b727325472e286d.jpg</filename>
	<path>NyZwaWQ9QXBp2_jpg.rf.bcd53a709872db5e0b727325472e286d.jpg</path>
	<source>
		<database>roboflow.ai</database>
	</source>
	<size>
		<width>640</width>
		<height>640</height>
		<depth>3</depth>
	</size>
	<segmented>0</segmented>
	<object>
		<name>Eggs</name>
		<pose>Unspecified</pose>
		<truncated>0</truncated>
		<difficult>0</difficult>
		<occluded>0</occluded>
		<bndbox>
			<xmin>131</xmin>
			<xmax>325</xmax>
			<ymin>299</ymin>
			<ymax>613</ymax>
		</bndbox>
	</object>
	<object>
		<name>Eggs</name>
		<pose>Unspecified</pose>
		<truncated>0</truncated>
		<difficult>0</difficult>
		<occluded>0</occluded>
		<bndbox>
			<xmin>298</xmin>
			<xmax>556</xmax>
			<ymin>364</ymin>
			<ymax>641</ymax>
		</bndbox>
	</object>
</annotation>
