<annotation>
	<folder></folder>
	<filename>OCZwaWQ9QXBp10_jpg.rf.1787806bb7bf7b204b83f0c39f90b3fc.jpg</filename>
	<path>OCZwaWQ9QXBp10_jpg.rf.1787806bb7bf7b204b83f0c39f90b3fc.jpg</path>
	<source>
		<database>roboflow.ai</database>
	</source>
	<size>
		<width>640</width>
		<height>640</height>
		<depth>3</depth>
	</size>
	<segmented>0</segmented>
	<object>
		<name>Eggs</name>
		<pose>Unspecified</pose>
		<truncated>0</truncated>
		<difficult>0</difficult>
		<occluded>0</occluded>
		<bndbox>
			<xmin>213</xmin>
			<xmax>365</xmax>
			<ymin>148</ymin>
			<ymax>380</ymax>
		</bndbox>
	</object>
	<object>
		<name>Eggs</name>
		<pose>Unspecified</pose>
		<truncated>0</truncated>
		<difficult>0</difficult>
		<occluded>0</occluded>
		<bndbox>
			<xmin>155</xmin>
			<xmax>307</xmax>
			<ymin>328</ymin>
			<ymax>578</ymax>
		</bndbox>
	</object>
	<object>
		<name>Eggs</name>
		<pose>Unspecified</pose>
		<truncated>0</truncated>
		<difficult>0</difficult>
		<occluded>0</occluded>
		<bndbox>
			<xmin>356</xmin>
			<xmax>511</xmax>
			<ymin>259</ymin>
			<ymax>455</ymax>
		</bndbox>
	</object>
	<object>
		<name>Eggs</name>
		<pose>Unspecified</pose>
		<truncated>0</truncated>
		<difficult>0</difficult>
		<occluded>0</occluded>
		<bndbox>
			<xmin>418</xmin>
			<xmax>559</xmax>
			<ymin>53</ymin>
			<ymax>265</ymax>
		</bndbox>
	</object>
	<object>
		<name>Eggs</name>
		<pose>Unspecified</pose>
		<truncated>0</truncated>
		<difficult>0</difficult>
		<occluded>0</occluded>
		<bndbox>
			<xmin>294</xmin>
			<xmax>438</xmax>
			<ymin>436</ymin>
			<ymax>638</ymax>
		</bndbox>
	</object>
</annotation>
