<annotation>
	<folder></folder>
	<filename>OCZwaWQ9QXBp_jpg.rf.fa8895751b28c4c5d56fc689a2b18aeb.jpg</filename>
	<path>OCZwaWQ9QXBp_jpg.rf.fa8895751b28c4c5d56fc689a2b18aeb.jpg</path>
	<source>
		<database>roboflow.ai</database>
	</source>
	<size>
		<width>640</width>
		<height>640</height>
		<depth>3</depth>
	</size>
	<segmented>0</segmented>
	<object>
		<name>Eggs</name>
		<pose>Unspecified</pose>
		<truncated>0</truncated>
		<difficult>0</difficult>
		<occluded>0</occluded>
		<bndbox>
			<xmin>10</xmin>
			<xmax>145</xmax>
			<ymin>353</ymin>
			<ymax>568</ymax>
		</bndbox>
	</object>
	<object>
		<name>Eggs</name>
		<pose>Unspecified</pose>
		<truncated>0</truncated>
		<difficult>0</difficult>
		<occluded>0</occluded>
		<bndbox>
			<xmin>132</xmin>
			<xmax>249</xmax>
			<ymin>277</ymin>
			<ymax>477</ymax>
		</bndbox>
	</object>
	<object>
		<name>Eggs</name>
		<pose>Unspecified</pose>
		<truncated>0</truncated>
		<difficult>0</difficult>
		<occluded>0</occluded>
		<bndbox>
			<xmin>234</xmin>
			<xmax>358</xmax>
			<ymin>205</ymin>
			<ymax>373</ymax>
		</bndbox>
	</object>
	<object>
		<name>Eggs</name>
		<pose>Unspecified</pose>
		<truncated>0</truncated>
		<difficult>0</difficult>
		<occluded>0</occluded>
		<bndbox>
			<xmin>329</xmin>
			<xmax>457</xmax>
			<ymin>141</ymin>
			<ymax>292</ymax>
		</bndbox>
	</object>
	<object>
		<name>Eggs</name>
		<pose>Unspecified</pose>
		<truncated>0</truncated>
		<difficult>0</difficult>
		<occluded>0</occluded>
		<bndbox>
			<xmin>410</xmin>
			<xmax>517</xmax>
			<ymin>89</ymin>
			<ymax>246</ymax>
		</bndbox>
	</object>
	<object>
		<name>Eggs</name>
		<pose>Unspecified</pose>
		<truncated>0</truncated>
		<difficult>0</difficult>
		<occluded>0</occluded>
		<bndbox>
			<xmin>480</xmin>
			<xmax>586</xmax>
			<ymin>31</ymin>
			<ymax>179</ymax>
		</bndbox>
	</object>
	<object>
		<name>Eggs</name>
		<pose>Unspecified</pose>
		<truncated>0</truncated>
		<difficult>0</difficult>
		<occluded>0</occluded>
		<bndbox>
			<xmin>198</xmin>
			<xmax>339</xmax>
			<ymin>402</ymin>
			<ymax>620</ymax>
		</bndbox>
	</object>
	<object>
		<name>Eggs</name>
		<pose>Unspecified</pose>
		<truncated>0</truncated>
		<difficult>0</difficult>
		<occluded>0</occluded>
		<bndbox>
			<xmin>299</xmin>
			<xmax>441</xmax>
			<ymin>318</ymin>
			<ymax>510</ymax>
		</bndbox>
	</object>
	<object>
		<name>Eggs</name>
		<pose>Unspecified</pose>
		<truncated>0</truncated>
		<difficult>0</difficult>
		<occluded>0</occluded>
		<bndbox>
			<xmin>405</xmin>
			<xmax>522</xmax>
			<ymin>250</ymin>
			<ymax>438</ymax>
		</bndbox>
	</object>
	<object>
		<name>Eggs</name>
		<pose>Unspecified</pose>
		<truncated>0</truncated>
		<difficult>0</difficult>
		<occluded>0</occluded>
		<bndbox>
			<xmin>496</xmin>
			<xmax>620</xmax>
			<ymin>189</ymin>
			<ymax>345</ymax>
		</bndbox>
	</object>
</annotation>
