<annotation>
	<folder></folder>
	<filename>QXBp_jpg.rf.ebd3f3a2b3df4291657fc1b8e3a19d56.jpg</filename>
	<path>QXBp_jpg.rf.ebd3f3a2b3df4291657fc1b8e3a19d56.jpg</path>
	<source>
		<database>roboflow.ai</database>
	</source>
	<size>
		<width>640</width>
		<height>640</height>
		<depth>3</depth>
	</size>
	<segmented>0</segmented>
	<object>
		<name>Eggs</name>
		<pose>Unspecified</pose>
		<truncated>0</truncated>
		<difficult>0</difficult>
		<occluded>0</occluded>
		<bndbox>
			<xmin>236</xmin>
			<xmax>474</xmax>
			<ymin>136</ymin>
			<ymax>548</ymax>
		</bndbox>
	</object>
</annotation>
