<annotation>
	<folder></folder>
	<filename>QXBp22_jpg.rf.c37df3d2964c1f64775436eac6d1d3d4.jpg</filename>
	<path>QXBp22_jpg.rf.c37df3d2964c1f64775436eac6d1d3d4.jpg</path>
	<source>
		<database>roboflow.ai</database>
	</source>
	<size>
		<width>640</width>
		<height>640</height>
		<depth>3</depth>
	</size>
	<segmented>0</segmented>
	<object>
		<name>Eggs</name>
		<pose>Unspecified</pose>
		<truncated>0</truncated>
		<difficult>0</difficult>
		<occluded>0</occluded>
		<bndbox>
			<xmin>104</xmin>
			<xmax>219</xmax>
			<ymin>204</ymin>
			<ymax>340</ymax>
		</bndbox>
	</object>
	<object>
		<name>Eggs</name>
		<pose>Unspecified</pose>
		<truncated>0</truncated>
		<difficult>0</difficult>
		<occluded>0</occluded>
		<bndbox>
			<xmin>215</xmin>
			<xmax>334</xmax>
			<ymin>199</ymin>
			<ymax>349</ymax>
		</bndbox>
	</object>
	<object>
		<name>Eggs</name>
		<pose>Unspecified</pose>
		<truncated>0</truncated>
		<difficult>0</difficult>
		<occluded>0</occluded>
		<bndbox>
			<xmin>205</xmin>
			<xmax>334</xmax>
			<ymin>322</ymin>
			<ymax>483</ymax>
		</bndbox>
	</object>
	<object>
		<name>Eggs</name>
		<pose>Unspecified</pose>
		<truncated>0</truncated>
		<difficult>0</difficult>
		<occluded>0</occluded>
		<bndbox>
			<xmin>324</xmin>
			<xmax>460</xmax>
			<ymin>333</ymin>
			<ymax>481</ymax>
		</bndbox>
	</object>
	<object>
		<name>Eggs</name>
		<pose>Unspecified</pose>
		<truncated>0</truncated>
		<difficult>0</difficult>
		<occluded>0</occluded>
		<bndbox>
			<xmin>439</xmin>
			<xmax>577</xmax>
			<ymin>331</ymin>
			<ymax>470</ymax>
		</bndbox>
	</object>
	<object>
		<name>Eggs</name>
		<pose>Unspecified</pose>
		<truncated>0</truncated>
		<difficult>0</difficult>
		<occluded>0</occluded>
		<bndbox>
			<xmin>436</xmin>
			<xmax>542</xmax>
			<ymin>208</ymin>
			<ymax>349</ymax>
		</bndbox>
	</object>
	<object>
		<name>Eggs</name>
		<pose>Unspecified</pose>
		<truncated>0</truncated>
		<difficult>0</difficult>
		<occluded>0</occluded>
		<bndbox>
			<xmin>431</xmin>
			<xmax>538</xmax>
			<ymin>100</ymin>
			<ymax>223</ymax>
		</bndbox>
	</object>
	<object>
		<name>Eggs</name>
		<pose>Unspecified</pose>
		<truncated>0</truncated>
		<difficult>0</difficult>
		<occluded>0</occluded>
		<bndbox>
			<xmin>226</xmin>
			<xmax>324</xmax>
			<ymin>100</ymin>
			<ymax>235</ymax>
		</bndbox>
	</object>
	<object>
		<name>Eggs</name>
		<pose>Unspecified</pose>
		<truncated>0</truncated>
		<difficult>0</difficult>
		<occluded>0</occluded>
		<bndbox>
			<xmin>201</xmin>
			<xmax>332</xmax>
			<ymin>445</ymin>
			<ymax>641</ymax>
		</bndbox>
	</object>
	<object>
		<name>Eggs</name>
		<pose>Unspecified</pose>
		<truncated>0</truncated>
		<difficult>0</difficult>
		<occluded>0</occluded>
		<bndbox>
			<xmin>93</xmin>
			<xmax>209</xmax>
			<ymin>317</ymin>
			<ymax>475</ymax>
		</bndbox>
	</object>
	<object>
		<name>Eggs</name>
		<pose>Unspecified</pose>
		<truncated>0</truncated>
		<difficult>0</difficult>
		<occluded>0</occluded>
		<bndbox>
			<xmin>75</xmin>
			<xmax>199</xmax>
			<ymin>453</ymin>
			<ymax>641</ymax>
		</bndbox>
	</object>
</annotation>
