<annotation>
	<folder></folder>
	<filename>QXBp12_jpg.rf.ee1f9474f30818f30c7e01d16544c9d8.jpg</filename>
	<path>QXBp12_jpg.rf.ee1f9474f30818f30c7e01d16544c9d8.jpg</path>
	<source>
		<database>roboflow.ai</database>
	</source>
	<size>
		<width>640</width>
		<height>640</height>
		<depth>3</depth>
	</size>
	<segmented>0</segmented>
	<object>
		<name>Eggs</name>
		<pose>Unspecified</pose>
		<truncated>0</truncated>
		<difficult>0</difficult>
		<occluded>0</occluded>
		<bndbox>
			<xmin>6</xmin>
			<xmax>343</xmax>
			<ymin>114</ymin>
			<ymax>497</ymax>
		</bndbox>
	</object>
	<object>
		<name>Eggs</name>
		<pose>Unspecified</pose>
		<truncated>0</truncated>
		<difficult>0</difficult>
		<occluded>0</occluded>
		<bndbox>
			<xmin>314</xmin>
			<xmax>641</xmax>
			<ymin>89</ymin>
			<ymax>587</ymax>
		</bndbox>
	</object>
</annotation>
