<annotation>
	<folder></folder>
	<filename>QXBp6_jpg.rf.e0089bc628faaa3b07d939ec2dfaa41c.jpg</filename>
	<path>QXBp6_jpg.rf.e0089bc628faaa3b07d939ec2dfaa41c.jpg</path>
	<source>
		<database>roboflow.ai</database>
	</source>
	<size>
		<width>640</width>
		<height>640</height>
		<depth>3</depth>
	</size>
	<segmented>0</segmented>
	<object>
		<name>Eggs</name>
		<pose>Unspecified</pose>
		<truncated>0</truncated>
		<difficult>0</difficult>
		<occluded>0</occluded>
		<bndbox>
			<xmin>310</xmin>
			<xmax>447</xmax>
			<ymin>235</ymin>
			<ymax>439</ymax>
		</bndbox>
	</object>
	<object>
		<name>Eggs</name>
		<pose>Unspecified</pose>
		<truncated>0</truncated>
		<difficult>0</difficult>
		<occluded>0</occluded>
		<bndbox>
			<xmin>310</xmin>
			<xmax>435</xmax>
			<ymin>61</ymin>
			<ymax>251</ymax>
		</bndbox>
	</object>
</annotation>
