<annotation>
	<folder></folder>
	<filename>SCZwaWQ9QXBp2_jpg.rf.0e383bcf32e7012d98e2f2c14e942776.jpg</filename>
	<path>SCZwaWQ9QXBp2_jpg.rf.0e383bcf32e7012d98e2f2c14e942776.jpg</path>
	<source>
		<database>roboflow.ai</database>
	</source>
	<size>
		<width>640</width>
		<height>640</height>
		<depth>3</depth>
	</size>
	<segmented>0</segmented>
	<object>
		<name>Eggs</name>
		<pose>Unspecified</pose>
		<truncated>0</truncated>
		<difficult>0</difficult>
		<occluded>0</occluded>
		<bndbox>
			<xmin>150</xmin>
			<xmax>301</xmax>
			<ymin>224</ymin>
			<ymax>351</ymax>
		</bndbox>
	</object>
	<object>
		<name>Eggs</name>
		<pose>Unspecified</pose>
		<truncated>0</truncated>
		<difficult>0</difficult>
		<occluded>0</occluded>
		<bndbox>
			<xmin>329</xmin>
			<xmax>487</xmax>
			<ymin>341</ymin>
			<ymax>451</ymax>
		</bndbox>
	</object>
	<object>
		<name>Eggs</name>
		<pose>Unspecified</pose>
		<truncated>0</truncated>
		<difficult>0</difficult>
		<occluded>0</occluded>
		<bndbox>
			<xmin>179</xmin>
			<xmax>339</xmax>
			<ymin>431</ymin>
			<ymax>560</ymax>
		</bndbox>
	</object>
	<object>
		<name>Eggs</name>
		<pose>Unspecified</pose>
		<truncated>0</truncated>
		<difficult>0</difficult>
		<occluded>0</occluded>
		<bndbox>
			<xmin>1</xmin>
			<xmax>120</xmax>
			<ymin>66</ymin>
			<ymax>169</ymax>
		</bndbox>
	</object>
	<object>
		<name>Eggs</name>
		<pose>Unspecified</pose>
		<truncated>0</truncated>
		<difficult>0</difficult>
		<occluded>0</occluded>
		<bndbox>
			<xmin>268</xmin>
			<xmax>409</xmax>
			<ymin>70</ymin>
			<ymax>166</ymax>
		</bndbox>
	</object>
	<object>
		<name>Eggs</name>
		<pose>Unspecified</pose>
		<truncated>0</truncated>
		<difficult>0</difficult>
		<occluded>0</occluded>
		<bndbox>
			<xmin>9</xmin>
			<xmax>155</xmax>
			<ymin>340</ymin>
			<ymax>455</ymax>
		</bndbox>
	</object>
	<object>
		<name>Eggs</name>
		<pose>Unspecified</pose>
		<truncated>0</truncated>
		<difficult>0</difficult>
		<occluded>0</occluded>
		<bndbox>
			<xmin>451</xmin>
			<xmax>601</xmax>
			<ymin>245</ymin>
			<ymax>351</ymax>
		</bndbox>
	</object>
	<object>
		<name>Eggs</name>
		<pose>Unspecified</pose>
		<truncated>0</truncated>
		<difficult>0</difficult>
		<occluded>0</occluded>
		<bndbox>
			<xmin>288</xmin>
			<xmax>428</xmax>
			<ymin>153</ymin>
			<ymax>247</ymax>
		</bndbox>
	</object>
	<object>
		<name>Eggs</name>
		<pose>Unspecified</pose>
		<truncated>0</truncated>
		<difficult>0</difficult>
		<occluded>0</occluded>
		<bndbox>
			<xmin>133</xmin>
			<xmax>291</xmax>
			<ymin>152</ymin>
			<ymax>238</ymax>
		</bndbox>
	</object>
</annotation>
