<annotation>
	<folder></folder>
	<filename>SyZwaWQ9QXBp10_jpg.rf.200e3f3bbf45365b4914cbe7be90829b.jpg</filename>
	<path>SyZwaWQ9QXBp10_jpg.rf.200e3f3bbf45365b4914cbe7be90829b.jpg</path>
	<source>
		<database>roboflow.ai</database>
	</source>
	<size>
		<width>640</width>
		<height>640</height>
		<depth>3</depth>
	</size>
	<segmented>0</segmented>
	<object>
		<name>Eggs</name>
		<pose>Unspecified</pose>
		<truncated>0</truncated>
		<difficult>0</difficult>
		<occluded>0</occluded>
		<bndbox>
			<xmin>11</xmin>
			<xmax>363</xmax>
			<ymin>6</ymin>
			<ymax>546</ymax>
		</bndbox>
	</object>
</annotation>
