<annotation>
	<folder></folder>
	<filename>YSZwaWQ9QXBp15_jpg.rf.24e68c5c0644580a02c9aafaa7ab2892.jpg</filename>
	<path>YSZwaWQ9QXBp15_jpg.rf.24e68c5c0644580a02c9aafaa7ab2892.jpg</path>
	<source>
		<database>roboflow.ai</database>
	</source>
	<size>
		<width>640</width>
		<height>640</height>
		<depth>3</depth>
	</size>
	<segmented>0</segmented>
	<object>
		<name>Eggs</name>
		<pose>Unspecified</pose>
		<truncated>0</truncated>
		<difficult>0</difficult>
		<occluded>0</occluded>
		<bndbox>
			<xmin>219</xmin>
			<xmax>397</xmax>
			<ymin>285</ymin>
			<ymax>490</ymax>
		</bndbox>
	</object>
	<object>
		<name>Eggs</name>
		<pose>Unspecified</pose>
		<truncated>0</truncated>
		<difficult>0</difficult>
		<occluded>0</occluded>
		<bndbox>
			<xmin>59</xmin>
			<xmax>228</xmax>
			<ymin>130</ymin>
			<ymax>300</ymax>
		</bndbox>
	</object>
	<object>
		<name>Eggs</name>
		<pose>Unspecified</pose>
		<truncated>0</truncated>
		<difficult>0</difficult>
		<occluded>0</occluded>
		<bndbox>
			<xmin>396</xmin>
			<xmax>571</xmax>
			<ymin>145</ymin>
			<ymax>295</ymax>
		</bndbox>
	</object>
	<object>
		<name>Eggs</name>
		<pose>Unspecified</pose>
		<truncated>0</truncated>
		<difficult>0</difficult>
		<occluded>0</occluded>
		<bndbox>
			<xmin>409</xmin>
			<xmax>624</xmax>
			<ymin>472</ymin>
			<ymax>641</ymax>
		</bndbox>
	</object>
</annotation>
